{
  "template_id": "cube_method_3w",
  "name": "Cube Method (3 Weeks)",
  "level": "intermediate",
  "duration_weeks": 3,
  "training_days_per_week": 3,
  "structure": {
    "type": "weekly_pattern",
    "phases": [
      {
        "name": "Rotation",
        "weeks": [
          1,
          2,
          3
        ],
        "notes": "Heavy / Explosive / Rep focus shifts weekly"
      }
    ]
  },
  "focus": {
    "bench_freq": 2,
    "sumo_lockout": false,
    "quad_bias": false
  },
  "rules": {
    "load_calc": {
      "type": "percent_1rm"
    },
    "rounding": {
      "mode": "ceiling",
      "step_kg": 2.5
    },
    "deload_weeks": []
  },
  "weeks": [
    {
      "week": 1,
      "days": [
        {
          "name": "Day 1 - Heavy Squat, Explosive Bench, Rep Deadlift",
          "exercises": [
            {
              "type": "Squat",
              "variant": "Competition",
              "scheme": "4x2",
              "intensity": {
                "percent_1rm": 0.85
              }
            },
            {
              "type": "Bench Press",
              "variant": "Competition",
              "scheme": "8x3",
              "intensity": {
                "percent_1rm": 0.65
              },
              "notes": "Fast concentric"
            },
            {
              "type": "Deadlift",
              "variant": "Competition",
              "scheme": "3x5",
              "intensity": {
                "percent_1rm": 0.7
              }
            },
            {
              "type": "Quad",
              "variant": "Leg Press",
              "scheme": "4x10",
              "accessory": true
            }
          ]
        },
        {
          "name": "Day 2 - Heavy Bench, Explosive Deadlift, Rep Squat",
          "exercises": [
            {
              "type": "Bench Press",
              "variant": "Competition",
              "scheme": "4x2",
              "intensity": {
                "percent_1rm": 0.87
              }
            },
            {
              "type": "Deadlift",
              "variant": "Competition",
              "scheme": "8x2",
              "intensity": {
                "percent_1rm": 0.7
              },
              "notes": "Speed doubles"
            },
            {
              "type": "Squat",
              "variant": "Competition",
              "scheme": "4x5",
              "intensity": {
                "percent_1rm": 0.72
              }
            },
            {
              "type": "Triceps",
              "variant": "Dip (Weighted)",
              "scheme": "4x8",
              "accessory": true
            }
          ]
        },
        {
          "name": "Day 3 - Heavy Deadlift, Explosive Squat, Rep Bench",
          "exercises": [
            {
              "type": "Deadlift",
              "variant": "Competition",
              "scheme": "4x2",
              "intensity": {
                "percent_1rm": 0.87
              }
            },
            {
              "type": "Squat",
              "variant": "Competition",
              "scheme": "8x2",
              "intensity": {
                "percent_1rm": 0.7
              },
              "notes": "Speed doubles"
            },
            {
              "type": "Bench Press",
              "variant": "Competition",
              "scheme": "4x5",
              "intensity": {
                "percent_1rm": 0.72
              }
            },
            {
              "type": "Upper Back",
              "variant": "Row (Chest Supported)",
              "scheme": "4x10",
              "accessory": true
            }
          ]
        }
      ]
    },
    {
      "week": 2,
      "days": [
        {
          "name": "Day 1 - Heavy Squat, Explosive Bench, Rep Deadlift",
          "exercises": [
            {
              "type": "Squat",
              "variant": "Competition",
              "scheme": "5x2",
              "intensity": {
                "percent_1rm": 0.87
              }
            },
            {
              "type": "Bench Press",
              "variant": "Competition",
              "scheme": "8x3",
              "intensity": {
                "percent_1rm": 0.67
              }
            },
            {
              "type": "Deadlift",
              "variant": "Competition",
              "scheme": "3x5",
              "intensity": {
                "percent_1rm": 0.72
              }
            },
            {
              "type": "Quad",
              "variant": "Leg Press",
              "scheme": "4x10",
              "accessory": true
            }
          ]
        },
        {
          "name": "Day 2 - Heavy Bench, Explosive Deadlift, Rep Squat",
          "exercises": [
            {
              "type": "Bench Press",
              "variant": "Competition",
              "scheme": "5x2",
              "intensity": {
                "percent_1rm": 0.88
              }
            },
            {
              "type": "Deadlift",
              "variant": "Competition",
              "scheme": "8x2",
              "intensity": {
                "percent_1rm": 0.72
              }
            },
            {
              "type": "Squat",
              "variant": "Competition",
              "scheme": "4x5",
              "intensity": {
                "percent_1rm": 0.74
              }
            },
            {
              "type": "Triceps",
              "variant": "Dip (Weighted)",
              "scheme": "4x8",
              "accessory": true
            }
          ]
        },
        {
          "name": "Day 3 - Heavy Deadlift, Explosive Squat, Rep Bench",
          "exercises": [
            {
              "type": "Deadlift",
              "variant": "Competition",
              "scheme": "5x2",
              "intensity": {
                "percent_1rm": 0.88
              }
            },
            {
              "type": "Squat",
              "variant": "Competition",
              "scheme": "8x2",
              "intensity": {
                "percent_1rm": 0.72
              }
            },
            {
              "type": "Bench Press",
              "variant": "Competition",
              "scheme": "4x5",
              "intensity": {
                "percent_1rm": 0.74
              }
            },
            {
              "type": "Upper Back",
              "variant": "Row (Chest Supported)",
              "scheme": "4x10",
              "accessory": true
            }
          ]
        }
      ]
    },
    {
      "week": 3,
      "days": [
        {
          "name": "Day 1 - Heavy Squat, Explosive Bench, Rep Deadlift",
          "exercises": [
            {
              "type": "Squat",
              "variant": "Competition",
              "scheme": "4x1",
              "intensity": {
                "percent_1rm": 0.9
              },
              "top_set": true
            },
            {
              "type": "Bench Press",
              "variant": "Competition",
              "scheme": "8x3",
              "intensity": {
                "percent_1rm": 0.7
              }
            },
            {
              "type": "Deadlift",
              "variant": "Competition",
              "scheme": "3x5",
              "intensity": {
                "percent_1rm": 0.75
              }
            }
          ]
        },
        {
          "name": "Day 2 - Heavy Bench, Explosive Deadlift, Rep Squat",
          "exercises": [
            {
              "type": "Bench Press",
              "variant": "Competition",
              "scheme": "4x1",
              "intensity": {
                "percent_1rm": 0.92
              },
              "top_set": true
            },
            {
              "type": "Deadlift",
              "variant": "Competition",
              "scheme": "8x2",
              "intensity": {
                "percent_1rm": 0.75
              }
            },
            {
              "type": "Squat",
              "variant": "Competition",
              "scheme": "4x5",
              "intensity": {
                "percent_1rm": 0.76
              }
            }
          ]
        },
        {
          "name": "Day 3 - Heavy Deadlift, Explosive Squat, Rep Bench",
          "exercises": [
            {
              "type": "Deadlift",
              "variant": "Competition",
              "scheme": "4x1",
              "intensity": {
                "percent_1rm": 0.92
              },
              "top_set": true
            },
            {
              "type": "Squat",
              "variant": "Competition",
              "scheme": "8x2",
              "intensity": {
                "percent_1rm": 0.75
              }
            },
            {
              "type": "Bench Press",
              "variant": "Competition",
              "scheme": "4x5",
              "intensity": {
                "percent_1rm": 0.76
              }
            }
          ]
        }
      ]
    }
  ]
}